_date,attending,dietary,email,guestCount,guests,message,name,_status
2026-08-15T06:45:44.746,yes,No dietary requirements,dan.scodellaro@gmail.com,,"Primary: Danilo Scodellaro (No dietary requirements)
Guest 1: Emma Chinchen (No dietary requirements)",None,Danilo Scodellaro,
2026-08-13T22:29:32.926,yes,Other,heatherrooney65@gmail.com,,Primary: Heather Rooney  (Other),See you there,Heather Rooney ,
2026-08-05T01:08:14.500,yes,No dietary requirements,aimeeferguson33@outlook.com,,Primary: Aimee Ferguson (No dietary requirements),None,Aimee Ferguson,
2026-08-03T02:33:34.297,yes,No dietary requirements,oscodellaro@bigpond.com,,"Primary: Oliver Scodellaro  (No dietary requirements)
Guest 1: Jan Scodellaro  (No dietary requirements)",So happy for you both. Wishing you a lifetime of love and happiness. Thrilled to be sharing this special occasion with you both. X Jan and Oliver ,Oliver Scodellaro ,
2026-08-02T04:13:06.864,yes,No dietary requirements,cath.hoffman@outlook.com,,"Primary: Cathy Hoffman (No dietary requirements)
Guest 1: Brad Hoffman (No dietary requirements)",We’re thrilled to be sharing your special day ❤️,Cathy Hoffman,
2026-07-29T07:53:01.373,yes,No dietary requirements,carolbooker2@gmail.com,,"Primary: Aidan Booker (No dietary requirements)
Guest 1: Carol Booker (No dietary requirements)",None,Aidan Booker,
2026-07-25T00:23:05.536,yes,No dietary requirements,nicholas.madden@outlook.com.au,,"Primary: Nicholas Madden (No dietary requirements)
Guest 1: Hugh McSpadden (No dietary requirements)",So excited!!,Nicholas Madden,
2026-07-20T03:30:42.902,yes,No dietary requirements,bckpower@outlook.com,,"Primary: Brendan Power (No dietary requirements)
Guest 1: Belinda Power (No dietary requirements)",Can’t wait!!,Brendan Power,
2026-07-19T00:01:02.224,yes,No dietary requirements,heathermmccarthy@hotmail.com,,Primary: Heather McCarthy (No dietary requirements),None,Heather McCarthy,
2026-07-14T09:32:39.930,yes,No dietary requirements,julienmccarthy@hotmail.com,,"Primary: Julie Humrich (No dietary requirements)
Guest 1: Craig Humrich (No dietary requirements)
Guest 2: Hamish Humrich (No dietary requirements)
Guest 3: Lachlan Humrich (No dietary requirements)",We can’t wait to celebrate such a special day with you both. Thanks so much. ,Julie Humrich,
2026-07-13T23:40:00.182,yes,No dietary requirements,stevenpe69@gmail.com,,Primary: Steve Perry (No dietary requirements),Very happy for you both and really looking forward to being there to celebrate your special day.,Steve Perry,
2026-07-13T08:04:52.676,yes,No dietary requirements,home@techpack.com.au,,"Primary: Tracy O’Bryan  (No dietary requirements)
Guest 1: Glen Davidson (Other)",Pescatarian ,Tracy O’Bryan ,
2026-07-13T02:31:51.205,yes,No dietary requirements,causergina@gmail.com,,"Primary: Gina Causer (No dietary requirements)
Guest 1: David Causer (No dietary requirements)",Looking forward to celebrating with you both on your special day. 💕,Gina Causer,
2026-07-12T08:49:51.435,yes,No dietary requirements,mcgahan61@gmail.com,,"Primary: Meagan Mcgahan (No dietary requirements)
Guest 1: Greg McGahan  (No dietary requirements)",Can’t wait Fran and Grant. ❤️❤️🥂,Meagan Mcgahan,
2026-07-11T10:36:14.977,yes,Gluten free,cate@mccarthy.com.au,,Primary: Cate McCarthy (Gluten free),None,Cate McCarthy,
2026-07-11T03:34:44.368,yes,Ketogenic (Keto Diet),test@gmail.com,,Primary: Testing Ton (Ketogenic (Keto Diet)),Woo hoo,Testing Ton,
2026-07-11T03:21:50.881,yes,Vegetarian,marcamoo@hotmail.com,,"Primary: Hi this is a test please ignore (Vegetarian)
Guest 1: Test Guest 1 (Ketogenic (Keto Diet))",Good luck! ,Hi this is a test please ignore,
2026-07-11T00:42:40.742,yes,No dietary requirements,rascodellaro@gmail.com,,"Primary: Robert Scodellaro  (No dietary requirements)
Guest 1: Roshni Chavali  (No dietary requirements)
Guest 2: Lucas Scodellaro  (No dietary requirements)
Guest 3: Neve Scodellaro  (No dietary requirements)
Guest 4: Isla Scodellaro  (No dietary requirements)",Can't wait!,Robert Scodellaro ,
2026-07-09T23:08:28.745,yes,No dietary requirements,sue.ja@optusnet.com.au,,"Primary: Sue Humphrey (No dietary requirements)
Guest 1: Murray Humphrey (No dietary requirements)","We are honoured to be invited to celebrate your marriage. Love, Murray and Sue xx",Sue Humphrey,
2026-07-09T22:41:14.037,yes,No dietary requirements,scodellaro41@gmail.com,,"Primary: Coral (No dietary requirements)
Guest 1: Coral Scodellaro (No dietary requirements)",With love,Coral,
2026-06-28T08:04:12.216,yes,No dietary requirements,marcamoo@hotmail.com,,"Primary: Marcus McCarthy (No dietary requirements)
Guest 1: Gronk (No dietary requirements)
Guest 2: Ziggy (No dietary requirements)",wishes,Marcus McCarthy,
2026-06-28T07:47:13.653,yes,No dietary requirements,marcamoo@hotmail.com,,"Primary: Marcus McCarthy (No dietary requirements)
Guest 1: Gronk McCarthy (No dietary requirements)",Good luck,Marcus McCarthy,
